No,Nama (mentah),Telepon (mentah),Email (mentah)
1,  ayu nugroho,+62 895-1213-3264,ayu.nugroho@cvbintang.com 
2,anwar  hidayat,0811-1942-5144,anwar.hidayat@gmail.com
3,  arif rahayu,+62818 1919 7863, arif.rahayu@ptmajujaya.co.id
4,taufik  anggraini,0896-9183-9455,TAUFIK.ANGGRAINI@GMAIL.COM
5,Agus Setiawan,+62 813-3346-9672,Agus.Setiawan@gmail.com
6,fitri  utomo,0816-2585-5298, fitri.utomo@yahoo.co.id
7,LIA RAHAYU,+62 881-2129-4229,lia.rahayu@cvbintang.com
8,ahmad  santoso,+62 817-6435-9449,Ahmad.Santoso@cvbintang.com
9,  joko handayani,0811-4888-4645,JOKO.HANDAYANI@GMAIL.COM
10,TAUFIK ANGGRAINI,0896-9183-9455,taufik.anggraini@gmail.com
11,  nurul wijaya,0877-5589-3785,nurul.wijaya@gmail.com 
12,  jamal saputra,+62818 6834 2721,jamal.saputra@cvbintang.com 
13,yusuf  permana,+62 816-5451-5693,yusuf.permana@gmail.com 
14,  wahyu kurniawan,+62857 6311 7977, wahyu.kurniawan@cvbintang.com
15,  yanti firmansyah,+62813 1119 8587, yanti.firmansyah@gmail.com
16,SINTA NUGROHO,0857 7944 8324,sinta.nugroho@yahoo.co.id 
17,JAMAL SAPUTRA  ,+62 818-6834-2721,jamal.saputra@cvbintang.com
18,WATI WIBOWO  ,+62 817-2352-4326,Wati.Wibowo@gmail.com
19,YANTI ANGGRAINI  ,+62 815-5459-7369,Yanti.Anggraini@gmail.com
20,ahmad  saputra,0813-4828-7439,ahmad.saputra@gmail.com
21,  bayu wibowo,0881-3262-6384,bayu.wibowo@cvbintang.com
22,SINTA SUSANTO,+62 815-8962-5493, sinta.susanto@gmail.com
23,zahra firmansyah,0881-9338-6271,Zahra.Firmansyah@gmail.com
24,RATNA NUGROHO  ,0818 5923 2544,ratna.nugroho@ptmajujaya.co.id
25,SARI SANTOSO  ,0877 4542 4934,Sari.Santoso@outlook.com
26,zainal  kurniawan,+62 812-5946-8926,zainal.kurniawan@outlook.com
27,AHMAD RAHAYU,+62 816-4219-7318,ahmad.rahayu@gmail.com 
28,  lia rahayu,0881-2129-4229,LIA.RAHAYU@CVBINTANG.COM
29,vina pratama,+62812 2867 7393,VINA.PRATAMA@CVBINTANG.COM
30,  dimas ramadhan,+62895 9966 3784,DIMAS.RAMADHAN@GMAIL.COM
