No,Tanggal Terima,Nomor Surat,Pengirim,Perihal,Jenis,Sifat,Tanggal Dibalas
1,2026-08-05,313/UND/HRD/VIII/2026,Koperasi Tani Makmur,Penawaran kerja sama pengadaan ATK,Penawaran,Biasa,2026-08-11
2,2026-08-12,371/TWR/HRD/VIII/2026,PT Bumi Lestari,Undangan sosialisasi program,Undangan,Biasa,2026-08-18
3,2026-08-14,090/TWR/HRD/VIII/2026,Komite Sekolah,Permohonan kunjungan industri,Permohonan,Segera,2026-08-16
4,2026-08-18,430/PMH/SEK/VIII/2026,CV Karya Mandiri,Pemberitahuan perubahan jadwal,Pemberitahuan,Segera,2026-08-18
5,2026-08-20,430/TWR/KEU/VIII/2026,Komite Sekolah,Permohonan izin penggunaan ruangan,Permohonan,Penting,2026-08-21
6,2026-08-21,172/TWR/KEU/VIII/2026,Dinas Pendidikan,Penawaran layanan internet,Penawaran,Biasa,2026-08-27
7,2026-08-24,194/PMH/ADM/VIII/2026,CV Karya Mandiri,Permohonan kunjungan industri,Permohonan,Biasa,
8,2026-08-25,431/UND/KEU/VIII/2026,Kantor Kecamatan,Permohonan data kepegawaian,Permohonan,Biasa,2026-08-29
9,2026-08-26,381/TWR/ADM/VIII/2026,Bank Daerah,Permohonan data kepegawaian,Permohonan,Biasa,2026-09-01
10,2026-08-28,205/UND/HRD/VIII/2026,Yayasan Harapan Bangsa,Pemberitahuan perubahan jadwal,Pemberitahuan,Biasa,2026-08-31
11,2026-08-31,341/UND/SEK/VIII/2026,PT Bumi Lestari,Permohonan kunjungan industri,Permohonan,Penting,2026-09-07
12,2026-09-01,084/TWR/SEK/IX/2026,Dinas Pendidikan,Undangan sosialisasi program,Undangan,Segera,2026-09-03
13,2026-09-07,339/PBR/SEK/IX/2026,RS Sehat Sentosa,Pemberitahuan libur operasional,Pemberitahuan,Biasa,2026-09-11
14,2026-09-08,447/TWR/HRD/IX/2026,PT Bumi Lestari,Pemberitahuan pembaruan tarif,Pemberitahuan,Segera,2026-09-10
15,2026-09-09,151/PMH/KEU/IX/2026,SMK Negeri 1,Permohonan kunjungan industri,Permohonan,Biasa,2026-09-15
16,2026-09-10,325/PMH/ADM/IX/2026,Yayasan Harapan Bangsa,Penawaran kerja sama pengadaan ATK,Penawaran,Biasa,2026-09-12
17,2026-09-11,165/PBR/SEK/IX/2026,UD Sumber Rezeki,Undangan rapat koordinasi,Undangan,Segera,2026-09-18
18,2026-09-15,274/PBR/SEK/IX/2026,Koperasi Tani Makmur,Pemberitahuan pembaruan tarif,Pemberitahuan,Biasa,2026-09-17
19,2026-09-16,113/TWR/SEK/IX/2026,Dinas Pendidikan,Permohonan data kepegawaian,Permohonan,Penting,2026-09-18
20,2026-09-17,059/PBR/ADM/IX/2026,UD Sumber Rezeki,Permohonan kunjungan industri,Permohonan,Penting,2026-09-18
21,2026-09-21,356/UND/SEK/IX/2026,SMK Negeri 1,Pemberitahuan libur operasional,Pemberitahuan,Penting,2026-09-28
22,2026-09-25,350/PBR/HRD/IX/2026,Bank Daerah,Permohonan izin penggunaan ruangan,Permohonan,Segera,2026-10-03
23,2026-09-28,256/TWR/HRD/IX/2026,Bank Daerah,Penawaran layanan internet,Penawaran,Biasa,
24,2026-10-01,062/TWR/HRD/X/2026,Koperasi Tani Makmur,Pemberitahuan perubahan jadwal,Pemberitahuan,Biasa,
25,2026-10-09,383/UND/HRD/X/2026,RS Sehat Sentosa,Penawaran jasa pelatihan,Penawaran,Biasa,
26,2026-10-12,295/TWR/ADM/X/2026,Dinas Pendidikan,Undangan acara peresmian,Undangan,Biasa,
27,2026-10-13,203/TWR/ADM/X/2026,Koperasi Tani Makmur,Pemberitahuan pembaruan tarif,Pemberitahuan,Biasa,2026-10-22
28,2026-10-19,055/TWR/KEU/X/2026,Kantor Kecamatan,Undangan acara peresmian,Undangan,Penting,2026-10-23
29,2026-10-21,214/PMH/HRD/X/2026,Koperasi Tani Makmur,Permohonan izin penggunaan ruangan,Permohonan,Penting,2026-10-27
30,2026-10-27,107/PBR/ADM/X/2026,Yayasan Harapan Bangsa,Permohonan kunjungan industri,Permohonan,Biasa,
