No,Kode Aset,Nama Aset,Kategori,Tanggal Perolehan,Harga Perolehan
1,AST-001,Televisi 43 Inci,Elektronik,2020-01-25,10800000
2,AST-002,Kursi Ergonomis,Furnitur,2020-02-07,6800000
3,AST-003,Meja Rapat,Furnitur,2020-11-10,7600000
4,AST-004,Dispenser,Peralatan,2021-04-26,2800000
5,AST-005,AC Split 1 PK,Peralatan,2021-07-02,16000000
6,AST-006,Mesin Hitung Uang,Peralatan,2021-08-25,5600000
7,AST-007,Lemari Arsip,Furnitur,2021-11-15,1600000
8,AST-008,Laptop Kantor,Elektronik,2022-01-13,7600000
9,AST-009,Mesin Fotokopi,Elektronik,2022-03-10,20000000
10,AST-010,Meja Kerja,Furnitur,2023-08-24,4000000
11,AST-011,Kulkas Pantry,Peralatan,2023-09-09,11200000
12,AST-012,Motor Operasional,Kendaraan,2024-01-19,189600000
13,AST-013,CCTV 4 Kamera,Elektronik,2024-03-13,9200000
14,AST-014,Mobil Boks,Kendaraan,2024-04-16,132400000
15,AST-015,Proyektor,Elektronik,2024-05-17,11600000
16,AST-016,Router Jaringan,Elektronik,2024-06-15,9600000
17,AST-017,Sofa Tamu,Furnitur,2024-06-27,6400000
18,AST-018,Vacuum Cleaner,Peralatan,2024-10-24,2000000
19,AST-019,Printer Laser,Elektronik,2025-02-01,2800000
20,AST-020,Pompa Air,Peralatan,2025-05-18,6800000
21,AST-021,Mobil Minibus,Kendaraan,2025-05-31,145200000
22,AST-022,Rak Buku,Furnitur,2025-06-10,10400000
23,AST-023,Genset Kecil,Peralatan,2026-02-07,5600000
24,AST-024,Komputer Desktop,Elektronik,2026-05-07,6000000
