No,Nama Pendaftar,JK,Jalur,Jarak ke Sekolah (meter),Nilai Matematika,Nilai B. Indonesia,Nilai IPA
1,Rani Nugroho,P,Prestasi,2300,97,88,86
2,Yanti Kurniawan,P,Reguler,5050,95,83,90
3,Rahmat Handayani,L,Reguler,4550,59,89,95
4,Citra Wibowo,P,Reguler,7650,60,55,94
5,Indah Wijaya,P,Afirmasi,4250,70,72,82
6,Rahmat Firmansyah,L,Reguler,6750,59,77,64
7,Joko Maulana,L,Prestasi,2050,98,92,96
8,Agus Wibowo,L,Prestasi,6750,85,85,91
9,Rizki Firmansyah,L,Reguler,3600,95,84,96
10,Umar Setiawan,L,Reguler,2100,97,94,87
11,Eko Wibowo,L,Afirmasi,1450,64,93,80
12,Gunawan Hidayat,L,Afirmasi,3550,80,89,96
13,Utami Purnomo,P,Reguler,6350,55,58,83
14,Gita Susanto,P,Prestasi,2150,96,83,79
15,Utami Ramadhan,P,Reguler,7400,55,58,75
16,Fitri Setiawan,P,Prestasi,2350,79,87,86
17,Teguh Purnomo,L,Reguler,5150,57,90,95
18,Citra Maulana,P,Reguler,5050,86,71,87
19,Edi Hidayat,L,Reguler,5500,69,87,58
20,Utami Wibowo,P,Reguler,7750,92,76,55
21,Anwar Wijaya,L,Reguler,7300,85,92,74
22,Sari Maulana,P,Prestasi,7400,98,94,90
23,Maya Rahayu,P,Reguler,3900,95,79,63
24,Umar Rahayu,L,Afirmasi,4650,64,69,72
25,Bayu Wibowo,L,Prestasi,6500,81,81,79
26,Dewi Ramadhan,P,Reguler,1350,68,96,65
27,Taufik Hidayat,L,Reguler,5700,72,95,85
28,Intan Pratama,P,Reguler,4950,96,83,76
29,Nurul Maulana,P,Reguler,1250,83,87,89
30,Citra Saputra,P,Reguler,3000,64,84,76
31,Rani Pratama,P,Prestasi,4050,96,95,97
32,Dewi Handayani,P,Afirmasi,3600,69,55,57
33,Agus Permana,L,Reguler,6350,70,66,56
34,Wati Purnomo,P,Afirmasi,1800,59,57,81
35,Indah Kurniawan,P,Reguler,5500,93,67,94
36,Wawan Purnomo,L,Reguler,7600,87,68,81
