No,No. PO,Tanggal PO,Pemasok,Barang,Jumlah,Harga Satuan,Tanggal Terima
1,PO-2026-001,2026-07-04,CV Karya Bersama,Cat Tembok 20 kg,32,950000,2026-07-10
2,PO-2026-002,2026-07-04,CV Karya Bersama,Keramik Lantai (dus),27,96000,2026-07-11
3,PO-2026-003,2026-07-12,UD Makmur Jaya,Air Mineral Galon,69,20000,2026-07-21
4,PO-2026-004,2026-07-12,PT Sinar Abadi,Toner Fotokopi,3,410000,2026-07-16
5,PO-2026-005,2026-07-13,CV Bintang Timur,Kursi Kantor,6,650000,2026-07-19
6,PO-2026-006,2026-07-18,PT Global Mandiri,Switch 8 Port,2,420000,2026-07-26
7,PO-2026-007,2026-07-19,CV Karya Bersama,Lampu LED 12 W (dus),149,140000,2026-08-02
8,PO-2026-008,2026-07-20,CV Bintang Timur,Kursi Kantor,3,650000,2026-07-23
9,PO-2026-009,2026-07-21,CV Bintang Timur,Meja Lipat,28,480000,2026-07-24
10,PO-2026-010,2026-07-21,CV Karya Bersama,Cat Tembok 20 kg,25,950000,2026-08-02
11,PO-2026-011,2026-07-22,CV Bintang Timur,Kursi Kantor,17,650000,2026-07-31
12,PO-2026-012,2026-07-22,CV Karya Bersama,Keramik Lantai (dus),87,96000,2026-07-24
13,PO-2026-013,2026-07-28,UD Makmur Jaya,Kopi Sachet (dus),200,65000,2026-08-03
14,PO-2026-014,2026-07-29,PT Global Mandiri,Switch 8 Port,27,420000,2026-08-04
15,PO-2026-015,2026-07-30,UD Makmur Jaya,Air Mineral Galon,234,20000,2026-08-13
16,PO-2026-016,2026-08-03,PT Sinar Abadi,Kertas HVS A4 80 gr (rim),296,52000,2026-08-06
17,PO-2026-017,2026-08-10,CV Bintang Timur,Meja Lipat,39,480000,2026-08-20
18,PO-2026-018,2026-08-19,CV Bintang Timur,Meja Lipat,7,480000,2026-08-22
19,PO-2026-019,2026-08-22,UD Makmur Jaya,Gula Pasir 1 kg,276,17000,2026-09-04
20,PO-2026-020,2026-08-23,PT Global Mandiri,Laptop 14 Inci,12,7800000,2026-09-02
21,PO-2026-021,2026-08-24,PT Global Mandiri,Monitor 22 Inci,40,1650000,2026-09-01
22,PO-2026-022,2026-08-26,CV Bintang Timur,Meja Lipat,4,480000,2026-09-04
23,PO-2026-023,2026-09-03,CV Karya Bersama,Cat Tembok 20 kg,6,950000,2026-09-12
24,PO-2026-024,2026-09-04,PT Global Mandiri,Monitor 22 Inci,13,1650000,2026-09-09
25,PO-2026-025,2026-09-05,PT Sinar Abadi,Toner Fotokopi,2,410000,2026-09-19
26,PO-2026-026,2026-09-08,CV Bintang Timur,Meja Lipat,16,480000,2026-09-19
27,PO-2026-027,2026-09-11,PT Global Mandiri,Switch 8 Port,21,420000,2026-09-18
28,PO-2026-028,2026-09-15,PT Global Mandiri,Monitor 22 Inci,3,1650000,2026-09-25
