No,Nama Peserta,Kelas,Nilai Tugas,Nilai UTS,Nilai UAS,Hadir (sesi)
1,Prasetyo Susanto,B,100,79,88,9
2,Hana Wijaya,C,78,79,92,10
3,Wahyu Santoso,B,80,98,46,9
4,Agus Nugroho,C,98,58,71,9
5,Mulyadi Hidayat,C,68,60,62,8
6,Mulyadi Wibowo,A,73,47,95,10
7,Rizki Nugroho,C,69,40,49,6
8,Hana Anggraini,B,83,55,76,10
9,Indah Rahayu,A,94,85,85,9
10,Eko Permana,A,71,90,51,9
11,Utami Nugroho,A,67,77,75,9
12,Gita Anggraini,B,73,86,77,9
13,Putri Wijaya,A,84,69,92,10
14,Zainal Wibowo,C,67,97,65,9
15,Hendra Ramadhan,B,97,75,83,7
16,Jamal Rahayu,A,60,90,53,8
17,Sinta Rahayu,C,90,83,50,9
18,Putri Susanto,A,62,78,84,9
19,Dimas Nugroho,B,61,78,78,10
20,Hana Firmansyah,A,98,64,61,7
21,Rizki Wijaya,C,95,98,40,10
22,Lia Utomo,B,63,68,60,10
23,Rizki Wibowo,B,66,65,69,7
24,Lukman Purnomo,C,78,93,92,8
