NIS,Nama Siswa,Kelas,Penerima Beasiswa,Jumlah Bulan Dibayar
26001,Arif Permana,XII,Ya,10
26002,Intan Anggraini,X,Ya,8
26003,Kartika Utomo,X,Tidak,10
26004,Mulyadi Kurniawan,XII,Ya,8
26005,Putri Kurniawan,XII,Tidak,8
26006,Rahmat Anggraini,XI,Tidak,10
26007,Taufik Hidayat,XI,Tidak,6
26008,Lukman Rahayu,XI,Tidak,10
26009,Vivi Pratama,XI,Tidak,10
26010,Nurul Utomo,X,Tidak,7
26011,Budi Handayani,XII,Tidak,8
26012,Anwar Handayani,XII,Tidak,10
26013,Agus Handayani,X,Ya,9
26014,Intan Hidayat,X,Tidak,10
26015,Bayu Santoso,X,Tidak,10
26016,Vina Wibowo,XI,Tidak,4
26017,Ayu Kurniawan,X,Tidak,8
26018,Yusuf Anggraini,XI,Tidak,10
26019,Rizki Wibowo,XI,Ya,9
26020,Eko Pratama,XI,Tidak,9
26021,Jamal Setiawan,XII,Tidak,10
26022,Rahmat Susanto,XII,Tidak,10
26023,Citra Rahayu,XII,Tidak,10
26024,Vivi Kurniawan,X,Tidak,9
