No,Kepala Keluarga,Blok,Jan,Feb,Mar,Apr,Mei,Jun
1,Vina Kurniawan,B,50000,50000,50000,50000,50000,50000
2,Zahra Firmansyah,B,50000,50000,50000,0,50000,50000
3,Fajar Handayani,A,50000,50000,50000,50000,50000,50000
4,Intan Susanto,B,50000,50000,50000,50000,50000,50000
5,Agus Ramadhan,C,50000,50000,0,0,0,25000
6,Fajar Hidayat,B,50000,50000,50000,50000,50000,50000
7,Ahmad Purnomo,C,50000,50000,25000,50000,50000,50000
8,Indra Ramadhan,A,50000,50000,50000,50000,50000,50000
9,Dewi Utomo,C,0,50000,50000,50000,50000,25000
10,Maya Setiawan,B,0,50000,0,0,50000,50000
11,Mulyadi Rahayu,C,0,50000,50000,50000,50000,0
12,Eko Maulana,C,50000,50000,50000,50000,25000,50000
13,Agus Pratama,B,50000,50000,50000,50000,50000,50000
14,Ayu Permana,B,50000,50000,50000,50000,50000,25000
15,Hana Santoso,B,50000,50000,50000,50000,50000,50000
16,Hendra Pratama,B,50000,50000,0,50000,50000,0
17,Hendra Syahputra,C,50000,25000,50000,50000,50000,50000
18,Teguh Ramadhan,B,0,25000,50000,50000,25000,0
19,Siti Anggraini,C,50000,0,50000,50000,50000,25000
20,Gita Santoso,A,50000,50000,50000,50000,50000,50000
21,Edi Maulana,B,50000,0,50000,50000,50000,50000
22,Edi Kurniawan,C,50000,50000,0,50000,50000,50000
23,Lukman Maulana,C,50000,0,50000,0,50000,50000
24,Taufik Anggraini,B,50000,50000,0,50000,50000,50000
25,Nurul Wibowo,A,50000,50000,50000,50000,50000,0
26,Rahmat Hidayat,C,50000,50000,50000,0,50000,50000
27,Anwar Firmansyah,A,25000,0,50000,50000,0,0
28,Jamal Setiawan,B,50000,50000,50000,25000,50000,50000
29,Dewi Ramadhan,A,50000,50000,50000,50000,50000,50000
30,Mulyadi Saputra,B,0,50000,50000,50000,50000,50000
