No,Tanggal,Kendaraan,Pengemudi,KM Awal,KM Akhir,BBM (liter)
1,2026-10-01,Honda Brio,Dedi Kurniawan,28800,28897,8
2,2026-10-02,Toyota Innova,Budi Hartono,54900,54988,10
3,2026-10-05,Honda Brio,Budi Hartono,28919,28970,3
4,2026-10-07,Daihatsu Gran Max,Budi Hartono,44800,44928,12
5,2026-10-07,Mitsubishi L300,Dedi Kurniawan,65200,65325,19
6,2026-10-07,Mitsubishi L300,Budi Hartono,65329,65365,4
7,2026-10-07,Honda Brio,Dedi Kurniawan,28991,29109,8
8,2026-10-09,Toyota Innova,Budi Hartono,55011,55085,8
9,2026-10-10,Toyota Avanza,Eko Prasetyo,70900,70935,3
10,2026-10-11,Daihatsu Gran Max,Eko Prasetyo,44951,45098,16
11,2026-10-11,Toyota Innova,Cecep Sutisna,55111,55242,12
12,2026-10-12,Honda Brio,Dedi Kurniawan,29122,29268,11
13,2026-10-13,Toyota Avanza,Cecep Sutisna,70941,71106,13
14,2026-10-13,Toyota Avanza,Ahmad Fauzi,71114,71244,15
15,2026-10-13,Toyota Innova,Budi Hartono,55256,55394,19
16,2026-10-13,Daihatsu Gran Max,Ahmad Fauzi,45115,45202,9
17,2026-10-14,Daihatsu Gran Max,Eko Prasetyo,45210,45361,18
18,2026-10-14,Daihatsu Gran Max,Ahmad Fauzi,45364,45472,11
19,2026-10-15,Mitsubishi L300,Dedi Kurniawan,65390,65529,18
20,2026-10-15,Honda Brio,Dedi Kurniawan,29280,29369,6
21,2026-10-15,Daihatsu Gran Max,Budi Hartono,45483,45531,5
22,2026-10-17,Daihatsu Gran Max,Cecep Sutisna,45560,45726,14
23,2026-10-18,Toyota Innova,Cecep Sutisna,55419,55599,22
24,2026-10-21,Daihatsu Gran Max,Dedi Kurniawan,45738,45800,8
25,2026-10-21,Toyota Avanza,Eko Prasetyo,71245,71408,16
26,2026-10-22,Toyota Innova,Eko Prasetyo,55607,55655,5
27,2026-10-22,Mitsubishi L300,Budi Hartono,65551,65581,3
28,2026-10-23,Mitsubishi L300,Dedi Kurniawan,65587,65618,4
29,2026-10-23,Honda Brio,Cecep Sutisna,29377,29460,5
30,2026-10-23,Honda Brio,Ahmad Fauzi,29467,29509,3
31,2026-10-24,Mitsubishi L300,Dedi Kurniawan,65622,65706,11
32,2026-10-26,Toyota Avanza,Eko Prasetyo,71427,71471,4
33,2026-10-28,Mitsubishi L300,Ahmad Fauzi,65724,65767,6
34,2026-10-29,Toyota Avanza,Budi Hartono,71477,71569,7
35,2026-10-30,Toyota Avanza,Budi Hartono,71599,71655,5
36,2026-10-31,Mitsubishi L300,Eko Prasetyo,65797,65829,3
