No,NIP,Nama Pegawai,JK,Tanggal Lahir,Tanggal Masuk,Departemen,Jabatan,Gaji Pokok
1,P-001,Bagas Handayani,L,1967-01-28,2025-02-27,Pemasaran,Manajer,11300000
2,P-002,Ratna Hidayat,P,1993-09-20,2015-09-24,Produksi,Staf,5300000
3,P-003,Mulyadi Handayani,L,1994-08-15,2026-07-19,Produksi,Staf,3800000
4,P-004,Budi Purnomo,L,1989-12-28,2014-10-01,Keuangan,Supervisor,9000000
5,P-005,Dewi Firmansyah,P,1971-03-17,2005-11-01,Produksi,Manajer,14700000
6,P-006,Zainal Handayani,L,1985-09-21,2021-04-10,Keuangan,Staf,4550000
7,P-007,Vivi Utomo,P,1985-11-21,2011-06-19,Produksi,Supervisor,9050000
8,P-008,Lukman Wibowo,L,1994-04-06,2025-01-16,Produksi,Staf,4000000
9,P-009,Indah Utomo,P,2003-04-13,2026-05-18,Pemasaran,Staf,3900000
10,P-010,Indra Maulana,L,1992-09-26,2022-01-05,Gudang,Staf,4500000
11,P-011,Joko Firmansyah,L,2001-09-06,2026-06-10,Gudang,Staf,3900000
12,P-012,Lukman Utomo,L,1994-09-14,2020-02-08,Produksi,Staf,4750000
13,P-013,Indra Utomo,L,1972-08-09,2009-08-22,Pemasaran,Manajer,14600000
14,P-014,Bayu Santoso,L,1989-10-13,2021-06-09,Keuangan,Staf,4600000
15,P-015,Edi Hidayat,L,1990-04-10,2025-02-23,Pemasaran,Staf,4050000
16,P-016,Nurul Ramadhan,P,1981-04-06,2008-08-09,Umum,Supervisor,9100000
17,P-017,Tika Handayani,P,1994-10-21,2021-07-29,Produksi,Staf,4600000
18,P-018,Edi Pratama,L,1988-10-29,2022-03-17,Gudang,Staf,4450000
19,P-019,Maya Firmansyah,P,1984-06-15,2006-07-10,Pemasaran,Supervisor,9000000
20,P-020,Lukman Anggraini,L,1985-04-18,2018-04-29,Umum,Staf,5050000
21,P-021,Yusuf Kurniawan,L,1996-10-09,2025-01-21,Umum,Staf,4050000
22,P-022,Bayu Wibowo,L,1989-09-21,2023-12-02,Pemasaran,Staf,4100000
23,P-023,Eko Wijaya,L,1991-07-24,2022-01-30,Produksi,Staf,4400000
24,P-024,Teguh Kurniawan,L,1975-12-09,2026-03-19,Umum,Supervisor,7100000
25,P-025,Taufik Susanto,L,1974-03-29,2007-09-15,Keuangan,Supervisor,9050000
26,P-026,Hana Saputra,P,1998-07-01,2021-11-23,Gudang,Staf,4450000
27,P-027,Gita Permana,P,1989-04-23,2024-04-23,Produksi,Staf,4100000
28,P-028,Rizki Wijaya,L,2000-12-18,2023-04-09,Keuangan,Staf,4350000
29,P-029,Anwar Maulana,L,1993-08-29,2022-11-23,Gudang,Staf,4350000
30,P-030,Anwar Purnomo,L,1991-10-17,2015-12-01,Pemasaran,Staf,5300000
