No,Nama Pegawai,Hadir (hari),Sakit (hari),Izin (hari),Alpa (hari),Terlambat (kali)
1,Tika Handayani,21,1,0,0,0
2,Kartika Wibowo,21,1,0,0,6
3,Zahra Nugroho,20,1,0,1,2
4,Joko Purnomo,19,0,2,1,0
5,Arif Utomo,18,3,0,1,3
6,Wati Anggraini,21,0,0,1,7
7,Kartika Nugroho,20,1,0,1,2
8,Vina Setiawan,20,1,1,0,0
9,Lukman Susanto,21,1,0,0,0
10,Arif Setiawan,20,0,2,0,1
11,Lia Firmansyah,21,0,0,1,8
12,Wawan Syahputra,22,0,0,0,2
13,Wahyu Pratama,20,0,2,0,5
14,Ahmad Rahayu,20,2,0,0,5
15,Anwar Wijaya,21,0,0,1,5
16,Edi Syahputra,18,2,0,2,4
17,Eko Kurniawan,21,0,0,1,0
18,Wati Hidayat,21,1,0,0,7
19,Indah Firmansyah,21,1,0,0,6
20,Lukman Saputra,21,0,1,0,3
