No,Tanggal,Karyawan,Jam Masuk,Jam Pulang
1,2026-10-02,Arif Ramadhan,08:25,18:30
2,2026-10-02,Wawan Syahputra,07:35,17:40
3,2026-10-05,Putri Nugroho,08:30,18:20
4,2026-10-06,Prasetyo Nugroho,08:40,18:50
5,2026-10-06,Utami Setiawan,07:55,17:50
6,2026-10-06,Wawan Syahputra,08:35,19:25
7,2026-10-07,Prasetyo Nugroho,08:15,17:00
8,2026-10-07,Utami Setiawan,07:30,16:50
9,2026-10-08,Lukman Nugroho,07:50,16:30
10,2026-10-09,Arif Ramadhan,08:40,17:20
11,2026-10-09,Lukman Nugroho,08:25,17:30
12,2026-10-09,Putri Nugroho,08:20,18:40
13,2026-10-09,Utami Setiawan,08:05,18:15
14,2026-10-12,Arif Ramadhan,07:45,18:05
15,2026-10-12,Lukman Nugroho,08:40,18:25
16,2026-10-12,Putri Nugroho,07:45,18:40
17,2026-10-12,Utami Setiawan,08:10,16:50
18,2026-10-14,Arif Ramadhan,08:20,17:50
19,2026-10-14,Lukman Nugroho,08:05,18:10
20,2026-10-14,Putri Nugroho,08:25,17:05
21,2026-10-14,Wawan Syahputra,07:35,16:10
22,2026-10-15,Prasetyo Nugroho,08:15,16:40
23,2026-10-16,Utami Setiawan,07:30,16:05
24,2026-10-21,Prasetyo Nugroho,07:30,16:10
25,2026-10-22,Lukman Nugroho,07:55,17:25
26,2026-10-26,Arif Ramadhan,08:05,17:05
27,2026-10-27,Arif Ramadhan,08:40,17:25
28,2026-10-27,Putri Nugroho,08:40,17:30
29,2026-10-28,Lukman Nugroho,07:35,18:20
30,2026-10-28,Prasetyo Nugroho,08:15,17:15
31,2026-10-28,Wawan Syahputra,08:20,18:20
32,2026-10-29,Prasetyo Nugroho,08:00,16:25
33,2026-10-29,Putri Nugroho,07:50,18:40
34,2026-10-29,Wawan Syahputra,07:35,17:55
35,2026-10-30,Utami Setiawan,07:45,18:20
36,2026-10-30,Wawan Syahputra,07:35,16:55
