No,Tanggal,Sales,Produk,Jumlah,Harga Satuan
1,2026-10-03,Lia Wibowo,Printer Multifungsi,4,2100000
2,2026-10-04,Dimas Ramadhan,Kursi Gaming,4,1450000
3,2026-10-05,Rizki Handayani,Monitor 22 Inci,2,1850000
4,2026-10-05,Dimas Ramadhan,Printer Multifungsi,1,2100000
5,2026-10-06,Ayu Wibowo,Printer Multifungsi,5,2100000
6,2026-10-06,Ayu Wibowo,Kursi Gaming,6,1450000
7,2026-10-07,Rizki Handayani,Router WiFi 6,6,750000
8,2026-10-07,Ayu Wibowo,Laptop 14 Inci,4,8500000
9,2026-10-07,Lia Wibowo,Laptop 14 Inci,2,8500000
10,2026-10-09,Fajar Hidayat,Monitor 22 Inci,2,1850000
11,2026-10-10,Gunawan Susanto,Monitor 22 Inci,3,1850000
12,2026-10-10,Dimas Ramadhan,Headset,4,350000
13,2026-10-10,Rizki Handayani,Kursi Gaming,4,1450000
14,2026-10-11,Fajar Hidayat,Monitor 22 Inci,5,1850000
15,2026-10-12,Rizki Handayani,Laptop 14 Inci,1,8500000
16,2026-10-13,Ayu Wibowo,Headset,7,350000
17,2026-10-13,Fajar Hidayat,Laptop 14 Inci,2,8500000
18,2026-10-13,Lia Wibowo,Laptop 14 Inci,4,8500000
19,2026-10-14,Rizki Handayani,Router WiFi 6,3,750000
20,2026-10-15,Dimas Ramadhan,Headset,6,350000
21,2026-10-15,Fajar Hidayat,Laptop 14 Inci,2,8500000
22,2026-10-16,Gunawan Susanto,Laptop 14 Inci,1,8500000
23,2026-10-16,Fajar Hidayat,Headset,7,350000
24,2026-10-18,Gunawan Susanto,Keyboard Mekanik,6,650000
25,2026-10-20,Dimas Ramadhan,Monitor 22 Inci,6,1850000
26,2026-10-21,Gunawan Susanto,Keyboard Mekanik,8,650000
27,2026-10-21,Rizki Handayani,Laptop 14 Inci,2,8500000
28,2026-10-21,Lia Wibowo,Laptop 14 Inci,3,8500000
29,2026-10-23,Gunawan Susanto,Keyboard Mekanik,6,650000
30,2026-10-23,Fajar Hidayat,Keyboard Mekanik,7,650000
31,2026-10-23,Gunawan Susanto,Printer Multifungsi,5,2100000
32,2026-10-24,Gunawan Susanto,Printer Multifungsi,1,2100000
33,2026-10-24,Dimas Ramadhan,Monitor 22 Inci,5,1850000
34,2026-10-25,Lia Wibowo,Keyboard Mekanik,3,650000
35,2026-10-28,Rizki Handayani,Keyboard Mekanik,4,650000
36,2026-10-29,Dimas Ramadhan,Laptop 14 Inci,2,8500000
37,2026-10-29,Gunawan Susanto,Printer Multifungsi,6,2100000
38,2026-10-29,Dimas Ramadhan,Laptop 14 Inci,2,8500000
39,2026-10-29,Gunawan Susanto,Keyboard Mekanik,3,650000
40,2026-10-29,Rizki Handayani,Router WiFi 6,1,750000
41,2026-10-29,Gunawan Susanto,Laptop 14 Inci,4,8500000
42,2026-10-31,Fajar Hidayat,Printer Multifungsi,2,2100000
