No,No. Faktur,Pelanggan,Tanggal Faktur,Tempo (hari),Nilai Faktur,Sudah Dibayar
1,INV-2026-001,Koperasi Bina Warga,2026-04-01,45,32800000,32800000
2,INV-2026-002,CV Dinamika Printing,2026-04-04,30,59400000,0
3,INV-2026-003,PT Anugerah Tekstil,2026-04-06,30,19500000,16500000
4,INV-2026-004,CV Berkah Mandiri,2026-04-07,14,68100000,64500000
5,INV-2026-005,CV Dinamika Printing,2026-04-17,45,89900000,37500000
6,INV-2026-006,CV Dinamika Printing,2026-04-18,30,59400000,20700000
7,INV-2026-007,PT Anugerah Tekstil,2026-04-26,45,41000000,0
8,INV-2026-008,PT Cahaya Logistik,2026-05-01,14,15600000,0
9,INV-2026-009,PT Cahaya Logistik,2026-05-17,30,36800000,1200000
10,INV-2026-010,UD Tani Jaya,2026-05-29,14,10300000,10300000
11,INV-2026-011,Toko Sentosa Abadi,2026-06-05,14,60000000,54600000
12,INV-2026-012,PT Eka Konstruksi,2026-06-13,45,43300000,30300000
13,INV-2026-013,Koperasi Bina Warga,2026-06-18,14,50400000,50400000
14,INV-2026-014,CV Dinamika Printing,2026-06-20,45,43300000,43300000
15,INV-2026-015,Toko Sentosa Abadi,2026-06-30,30,25400000,0
16,INV-2026-016,Toko Sentosa Abadi,2026-07-02,30,40400000,40400000
17,INV-2026-017,Toko Sentosa Abadi,2026-07-19,45,44300000,44300000
18,INV-2026-018,PT Eka Konstruksi,2026-07-25,30,88300000,88300000
19,INV-2026-019,PT Eka Konstruksi,2026-07-30,45,9700000,0
20,INV-2026-020,UD Tani Jaya,2026-08-05,14,74200000,0
21,INV-2026-021,PT Cahaya Logistik,2026-08-07,14,31100000,0
22,INV-2026-022,Toko Sentosa Abadi,2026-08-09,45,24600000,0
23,INV-2026-023,PT Anugerah Tekstil,2026-08-10,14,29500000,28700000
24,INV-2026-024,PT Anugerah Tekstil,2026-08-12,45,51800000,51800000
25,INV-2026-025,Toko Sentosa Abadi,2026-08-21,30,85100000,85100000
26,INV-2026-026,UD Tani Jaya,2026-08-30,14,20000000,0
27,INV-2026-027,CV Berkah Mandiri,2026-09-06,14,78200000,28600000
28,INV-2026-028,Toko Sentosa Abadi,2026-09-15,45,51500000,0
29,INV-2026-029,Toko Sentosa Abadi,2026-09-22,30,41400000,41400000
30,INV-2026-030,UD Tani Jaya,2026-09-24,45,62700000,7500000
31,INV-2026-031,PT Cahaya Logistik,2026-09-29,30,59900000,48700000
32,INV-2026-032,PT Eka Konstruksi,2026-09-29,14,25800000,0
