No,Tanggal,Platform,Produk,Jumlah,Harga Satuan
1,2026-07-03,Website Sendiri,Kaos Polos,4,65000
2,2026-07-04,Marketplace C,Kaos Polos,3,65000
3,2026-07-05,Marketplace A,Jam Tangan Digital,2,275000
4,2026-07-10,Website Sendiri,Tas Ransel Kanvas,7,185000
5,2026-07-10,Marketplace B,Topi Baseball,6,55000
6,2026-07-11,Marketplace A,Topi Baseball,5,55000
7,2026-07-14,Marketplace C,Jam Tangan Digital,1,275000
8,2026-07-15,Marketplace A,Sepatu Sneakers,7,350000
9,2026-07-15,Marketplace B,Sepatu Sneakers,1,350000
10,2026-07-17,Marketplace B,Jaket Hoodie,1,220000
11,2026-07-20,Marketplace A,Kacamata Fashion,2,95000
12,2026-07-20,Marketplace B,Kacamata Fashion,4,95000
13,2026-07-23,Marketplace A,Kaos Polos,4,65000
14,2026-07-24,Website Sendiri,Tas Ransel Kanvas,6,185000
15,2026-07-26,Marketplace B,Tas Ransel Kanvas,1,185000
16,2026-07-26,Marketplace B,Topi Baseball,5,55000
17,2026-07-29,Marketplace C,Jaket Hoodie,3,220000
18,2026-07-29,Marketplace A,Kaos Polos,8,65000
19,2026-07-30,Marketplace C,Tas Ransel Kanvas,5,185000
20,2026-07-30,Website Sendiri,Kaos Polos,7,65000
21,2026-08-01,Marketplace B,Kacamata Fashion,6,95000
22,2026-08-05,Marketplace A,Sepatu Sneakers,5,350000
23,2026-08-08,Website Sendiri,Sepatu Sneakers,8,350000
24,2026-08-10,Marketplace A,Tas Ransel Kanvas,5,185000
25,2026-08-13,Marketplace B,Topi Baseball,4,55000
26,2026-08-19,Marketplace C,Kacamata Fashion,1,95000
27,2026-08-21,Marketplace C,Jaket Hoodie,4,220000
28,2026-08-23,Marketplace A,Kacamata Fashion,2,95000
29,2026-08-27,Marketplace B,Tas Ransel Kanvas,1,185000
30,2026-08-30,Website Sendiri,Sepatu Sneakers,6,350000
31,2026-08-31,Marketplace A,Topi Baseball,1,55000
32,2026-09-06,Website Sendiri,Jaket Hoodie,6,220000
33,2026-09-06,Marketplace A,Jam Tangan Digital,8,275000
34,2026-09-07,Marketplace A,Kaos Polos,5,65000
35,2026-09-07,Marketplace B,Kaos Polos,5,65000
36,2026-09-09,Website Sendiri,Sepatu Sneakers,6,350000
37,2026-09-11,Website Sendiri,Jam Tangan Digital,5,275000
38,2026-09-19,Website Sendiri,Jam Tangan Digital,3,275000
39,2026-09-20,Marketplace C,Jam Tangan Digital,7,275000
40,2026-09-21,Marketplace A,Kacamata Fashion,3,95000
41,2026-09-21,Marketplace C,Kaos Polos,6,65000
42,2026-09-26,Marketplace C,Dompet Kulit,4,125000
43,2026-09-27,Marketplace A,Kacamata Fashion,2,95000
44,2026-09-29,Marketplace C,Tas Ransel Kanvas,8,185000
45,2026-09-30,Marketplace C,Topi Baseball,3,55000
