No,Nama Karyawan,Gaji Bulanan,Jumlah Pinjaman,Tenor (bulan)
1,Vina Handayani,8500000,8000000,6
2,Umar Firmansyah,12500000,29000000,24
3,Ayu Pratama,8500000,37000000,36
4,Mulyadi Pratama,14000000,15000000,12
5,Edi Rahayu,5000000,57000000,36
6,Ratna Anggraini,6000000,37000000,24
7,Sari Susanto,8000000,56000000,24
8,Dewi Handayani,9000000,50000000,18
9,Rahmat Anggraini,5000000,17000000,18
10,Tika Kurniawan,4500000,57000000,6
11,Yanti Firmansyah,11000000,53000000,36
12,Ahmad Firmansyah,8500000,36000000,18
13,Bayu Susanto,9500000,58000000,12
14,Dimas Anggraini,11000000,7000000,24
15,Teguh Permana,4000000,36000000,36
16,Anwar Anggraini,8500000,34000000,18
17,Putri Handayani,7000000,8000000,36
18,Wawan Utomo,4000000,17000000,18
19,Agus Purnomo,5000000,11000000,6
20,Maya Permana,7500000,9000000,12
21,Wawan Permana,10000000,27000000,6
22,Vivi Rahayu,12000000,55000000,24
23,Hendra Saputra,10500000,29000000,36
24,Fitri Saputra,9000000,47000000,36
