No,Peminjam,Judul Buku,Kategori,Tanggal Pinjam,Tanggal Kembali
1,Nurul Nugroho,Kamus Besar Ringkas,Referensi,2026-09-01,2026-09-03
2,Dimas Handayani,Surat untuk Pak Guru,Novel,2026-09-03,2026-09-08
3,Dimas Handayani,Senja di Tepi Sungai,Novel,2026-09-05,2026-09-21
4,Sinta Anggraini,Belajar Berhitung,Anak,2026-09-06,2026-09-14
5,Ayu Saputra,Fisika Dasar,Pelajaran,2026-09-08,2026-09-17
6,Citra Kurniawan,Atlas Dunia Terbaru,Referensi,2026-09-13,2026-09-29
7,Bagas Handayani,Kancil dan Buaya,Anak,2026-09-13,2026-09-23
8,Ayu Saputra,Ensiklopedia Sains,Referensi,2026-09-14,2026-09-26
9,Ratna Handayani,Surat untuk Pak Guru,Novel,2026-09-14,2026-09-16
10,Dimas Handayani,Matematika Kelas 9,Pelajaran,2026-09-17,2026-10-03
11,Ratna Pratama,Biologi Terapan,Pelajaran,2026-09-19,2026-09-25
12,Dimas Handayani,Rumah di Atas Bukit,Novel,2026-09-20,2026-09-23
13,Ayu Saputra,Ensiklopedia Sains,Referensi,2026-09-20,2026-09-23
14,Ratna Handayani,Ensiklopedia Sains,Referensi,2026-09-21,
15,Vivi Pratama,Rumah di Atas Bukit,Novel,2026-09-21,2026-10-02
16,Vivi Pratama,Atlas Dunia Terbaru,Referensi,2026-09-24,2026-10-01
17,Maya Permana,Kancil dan Buaya,Anak,2026-09-24,2026-10-03
18,Bagas Handayani,Surat untuk Pak Guru,Novel,2026-09-26,2026-09-29
19,Sinta Anggraini,Atlas Dunia Terbaru,Referensi,2026-10-02,2026-10-08
20,Dimas Handayani,Biologi Terapan,Pelajaran,2026-10-03,2026-10-13
21,Ratna Handayani,Rumah di Atas Bukit,Novel,2026-10-03,2026-10-08
22,Gunawan Santoso,Biologi Terapan,Pelajaran,2026-10-04,2026-10-11
23,Gunawan Santoso,Atlas Dunia Terbaru,Referensi,2026-10-04,2026-10-14
24,Nurul Nugroho,Ensiklopedia Sains,Referensi,2026-10-06,
25,Ratna Handayani,Bahasa Indonesia SMA,Pelajaran,2026-10-07,2026-10-09
26,Gunawan Santoso,Petualangan Si Kelinci,Anak,2026-10-07,2026-10-09
27,Rahmat Permana,Perahu Kertas Kecil,Novel,2026-10-08,
28,Maya Permana,Atlas Dunia Terbaru,Referensi,2026-10-09,
29,Tika Permana,Kamus Besar Ringkas,Referensi,2026-10-11,
30,Rahmat Permana,Kancil dan Buaya,Anak,2026-10-12,
