No,Nama Tamu,Tipe Kamar,Check-in,Check-out
1,Ahmad Kurniawan,Standard,2026-11-01,2026-11-03
2,Gunawan Ramadhan,Suite,2026-11-08,2026-11-10
3,Umar Wibowo,Standard,2026-11-13,2026-11-18
4,Bayu Ramadhan,Deluxe,2026-11-14,2026-11-19
5,Hana Nugroho,Standard,2026-11-16,2026-11-19
6,Rani Handayani,Suite,2026-11-18,2026-11-22
7,Maya Nugroho,Standard,2026-11-21,2026-11-22
8,Joko Ramadhan,Deluxe,2026-11-22,2026-11-23
9,Vina Syahputra,Deluxe,2026-11-22,2026-11-24
10,Lia Syahputra,Standard,2026-11-22,2026-11-28
11,Sinta Susanto,Deluxe,2026-11-23,2026-11-25
12,Tika Maulana,Standard,2026-11-24,2026-11-26
13,Bayu Wijaya,Standard,2026-11-27,2026-11-29
14,Indra Handayani,Standard,2026-11-28,2026-12-04
15,Joko Nugroho,Suite,2026-11-29,2026-12-02
16,Teguh Syahputra,Standard,2026-11-29,2026-11-30
17,Sinta Pratama,Deluxe,2026-11-29,2026-12-02
18,Umar Purnomo,Deluxe,2026-12-02,2026-12-03
19,Ratna Purnomo,Deluxe,2026-12-05,2026-12-08
20,Maya Hidayat,Deluxe,2026-12-07,2026-12-12
21,Jamal Nugroho,Standard,2026-12-07,2026-12-13
22,Ayu Purnomo,Standard,2026-12-08,2026-12-14
23,Mulyadi Nugroho,Deluxe,2026-12-09,2026-12-11
24,Putri Susanto,Standard,2026-12-10,2026-12-12
25,Budi Susanto,Standard,2026-12-10,2026-12-11
26,Nurul Anggraini,Suite,2026-12-12,2026-12-16
27,Jamal Handayani,Deluxe,2026-12-13,2026-12-15
28,Zainal Pratama,Standard,2026-12-14,2026-12-20
29,Tika Kurniawan,Deluxe,2026-12-18,2026-12-21
30,Fajar Saputra,Suite,2026-12-19,2026-12-21
